id,species,source,url
larvivora_cyane_00000,larvivora cyane,ibc,https://www.hbw.com/sites/default/files/styles/ibc_1k/public/ibc/p/8314_20180301_2_1000.jpg?itok=RHYowhfe
larvivora_cyane_00001,larvivora cyane,ibc,https://www.hbw.com/sites/default/files/styles/ibc_1k/public/ibc/p/8314_20180301_1_1000.jpg?itok=zJQo9PGi
larvivora_cyane_00002,larvivora cyane,ibc,https://www.hbw.com/sites/default/files/styles/ibc_1k/public/ibc/p/8314_20180228_1_1000.jpg?itok=pGAiX6F3
larvivora_cyane_00003,larvivora cyane,ibc,https://www.hbw.com/sites/default/files/styles/ibc_1k/public/ibc/p/8314_20180227_3_1000.jpg?itok=r7yxIC3L
larvivora_cyane_00004,larvivora cyane,ibc,https://www.hbw.com/sites/default/files/styles/ibc_1k/public/ibc/p/8314_20180227_2_1000.jpg?itok=j7vhjYfy
larvivora_cyane_00005,larvivora cyane,ibc,https://www.hbw.com/sites/default/files/styles/ibc_1k/public/ibc/p/8314_20180227_1_1000.jpg?itok=2IyuC1Oy
larvivora_cyane_00006,larvivora cyane,ibc,https://www.hbw.com/sites/default/files/styles/ibc_1k/public/ibc/p/8314_20180222_4_1000.jpg?itok=A7g-QnjE
larvivora_cyane_00007,larvivora cyane,ibc,https://www.hbw.com/sites/default/files/styles/ibc_1k/public/ibc/p/8314_20180222_3_1000.jpg?itok=5eOCDWlS
larvivora_cyane_00008,larvivora cyane,ibc,https://www.hbw.com/sites/default/files/styles/ibc_1k/public/ibc/p/8314_20180222_1_1000_0.jpg?itok=G_uQYoaK
larvivora_cyane_00009,larvivora cyane,ibc,https://www.hbw.com/sites/default/files/styles/ibc_1k/public/ibc/p/8314_20180219_1_1000.jpg?itok=dt_zET8h
larvivora_cyane_00010,larvivora cyane,ibc,https://www.hbw.com/sites/default/files/styles/ibc_1k/public/ibc/p/8314_20180218_1_1000.jpg?itok=uDFBxXEF
larvivora_cyane_00011,larvivora cyane,ibc,https://www.hbw.com/sites/default/files/styles/ibc_1k/public/ibc/p/aves_larvivora_cyanesiberian_blue_robin_ahm_8126fhdimzali.jpg?itok=rqslKwlG
larvivora_cyane_00012,larvivora cyane,ibc,https://www.hbw.com/sites/default/files/styles/ibc_1k/public/ibc/p/siberian_blue_robin_1.jpg?itok=n8tCzCZO
larvivora_cyane_00013,larvivora cyane,ibc,https://www.hbw.com/sites/default/files/styles/ibc_1k/public/ibc/p/siberian_blue_robin.jpg?itok=ykUyZIl4
larvivora_cyane_00014,larvivora cyane,ibc,https://www.hbw.com/sites/default/files/styles/ibc_1k/public/ibc/p/fai_9216.jpg?itok=lYU_YSts
larvivora_cyane_00015,larvivora cyane,ibc,https://www.hbw.com/sites/default/files/styles/ibc_1k/public/ibc/p/fai_9109.jpg?itok=Gy4NN_Nz
larvivora_cyane_00016,larvivora cyane,ibc,https://www.hbw.com/sites/default/files/styles/ibc_1k/public/ibc/p/8314_siberian_blue_robin_larvivora_cyane_nechaevi_karuizawa_honshu_japan_20170605_4_1000.jpg?itok=d6rjsg3h
larvivora_cyane_00017,larvivora cyane,ibc,https://www.hbw.com/sites/default/files/styles/ibc_1k/public/ibc/p/8314_siberian_blue_robin_larvivora_cyane_nechaevi_karuizawa_honshu_japan_20170605_3_1000.jpg?itok=dj8YKdDH
larvivora_cyane_00018,larvivora cyane,ibc,https://www.hbw.com/sites/default/files/styles/ibc_1k/public/ibc/p/8314_siberian_blue_robin_larvivora_cyane_nechaevi_karuizawa_honshu_japan_20170605_2_1000.jpg?itok=lxVLpkqY
larvivora_cyane_00019,larvivora cyane,ibc,https://www.hbw.com/sites/default/files/styles/ibc_1k/public/ibc/p/8314_siberian_blue_robin_larvivora_cyane_nechaevi_karuizawa_honshu_japan_20170605_1_1000.jpg?itok=3YHV-qBw
larvivora_cyane_00020,larvivora cyane,ibc,https://www.hbw.com/sites/default/files/styles/ibc_1k/public/ibc/p/8314_siberian_blue_robin_larvivora_cyane_nechaevi_karuizawa_honshu_japan_20170604_3_1000.jpg?itok=L4Hk4nyJ
larvivora_cyane_00021,larvivora cyane,ibc,https://www.hbw.com/sites/default/files/styles/ibc_1k/public/ibc/p/8314_siberian_blue_robin_larvivora_cyane_nechaevi_karuizawa_honshu_japan_20170604_2_1000.jpg?itok=y-2eaJyG
larvivora_cyane_00022,larvivora cyane,ibc,https://www.hbw.com/sites/default/files/styles/ibc_1k/public/ibc/p/8314_siberian_blue_robin_larvivora_cyane_nechaevi_karuizawa_honshu_japan_20170604_1_1000.jpg?itok=D8AzuEHP
larvivora_cyane_00023,larvivora cyane,ibc,https://www.hbw.com/sites/default/files/styles/ibc_1k/public/ibc/p/bf6e0332_siberian_blue_robin.jpg?itok=5xbsJYU3
larvivora_cyane_00024,larvivora cyane,ibc,https://www.hbw.com/sites/default/files/styles/ibc_1k/public/ibc/p/Siberian_Blue_Robin_2.jpg?itok=LjE9SSRq
larvivora_cyane_00025,larvivora cyane,ibc,https://www.hbw.com/sites/default/files/styles/ibc_1k/public/ibc/p/E72E2207.jpg?itok=d0YiGWAR
larvivora_cyane_00026,larvivora cyane,ibc,https://www.hbw.com/sites/default/files/styles/ibc_1k/public/ibc/p/E72D7992.jpg?itok=Ji4Xq_Sx
larvivora_cyane_00027,larvivora cyane,ibc,https://www.hbw.com/sites/default/files/styles/ibc_1k/public/ibc/p/Luscinia_c._cyane_36.Imagen_fija002.jpg?itok=jxnNz6H8
larvivora_cyane_00028,larvivora cyane,ibc,https://www.hbw.com/sites/default/files/styles/ibc_1k/public/ibc/p/Luscinia_c._cyane_36.Imagen_fija001.jpg?itok=XxmK80d1
larvivora_cyane_00029,larvivora cyane,ibc,https://www.hbw.com/sites/default/files/styles/ibc_1k/public/ibc/p/Siberian_Blue_Robin_5291.jpg?itok=GDMX-2ez
larvivora_cyane_00030,larvivora cyane,ibc,https://www.hbw.com/sites/default/files/styles/ibc_1k/public/ibc/p/DSC_4941.jpg?itok=luLy_z_S
larvivora_cyane_00031,larvivora cyane,ibc,https://www.hbw.com/sites/default/files/styles/ibc_1k/public/ibc/p/Siberian_Blue_Robin_1.jpg?itok=GVD_CpvR
larvivora_cyane_00032,larvivora cyane,ibc,https://www.hbw.com/sites/default/files/styles/ibc_1k/public/ibc/p/Siberian_Blue_Robin_0.jpg?itok=gvKCQOzB
larvivora_cyane_00033,larvivora cyane,ibc,https://www.hbw.com/sites/default/files/styles/ibc_1k/public/ibc/p/FSF_3861.jpg?itok=vJRHEayB
larvivora_cyane_00034,larvivora cyane,ibc,https://www.hbw.com/sites/default/files/styles/ibc_1k/public/ibc/p/IMG_9420.jpg?itok=djyoQhqv
larvivora_cyane_00035,larvivora cyane,ibc,https://www.hbw.com/sites/default/files/styles/ibc_1k/public/ibc/p/Luscinia_cyane_4_male_A_3.jpg?itok=srtJE5F5
larvivora_cyane_00036,larvivora cyane,ibc,https://www.hbw.com/sites/default/files/styles/ibc_1k/public/ibc/p/siberian_blue_robin_pm.jpg?itok=qEcNXOct
larvivora_cyane_00037,larvivora cyane,ibc,https://www.hbw.com/sites/default/files/styles/ibc_1k/public/ibc/p/Siberian_Blue_Robin.jpg?itok=e9e2nWxd
larvivora_cyane_00038,larvivora cyane,ibc,https://www.hbw.com/sites/default/files/styles/ibc_1k/public/ibc/p/2012-08-25_15-31-31_IMG_5980.jpg?itok=6VRAd9fy
larvivora_cyane_00039,larvivora cyane,ibc,https://www.hbw.com/sites/default/files/styles/ibc_1k/public/ibc/p/Siberian-Blue-Robin_2012.gif?itok=6IXgqqx3
larvivora_cyane_00040,larvivora cyane,ibc,https://www.hbw.com/sites/default/files/styles/ibc_1k/public/ibc/p/IMG_6366aa.jpg?itok=33-Cw2hZ
larvivora_cyane_00041,larvivora cyane,ibc,https://www.hbw.com/sites/default/files/styles/ibc_1k/public/ibc/p/_37E8763siberian_robin.JPG?itok=HdGlsRQh
larvivora_cyane_00042,larvivora cyane,ibc,https://www.hbw.com/sites/default/files/styles/ibc_1k/public/ibc/p/_MG_6273-11.jpg?itok=06EJrGif
larvivora_cyane_00043,larvivora cyane,ibc,https://www.hbw.com/sites/default/files/styles/ibc_1k/public/ibc/p/Saiberian-Blue-Robin_4549-1.jpg?itok=0b7CjGgs
larvivora_cyane_00044,larvivora cyane,ibc,https://www.hbw.com/sites/default/files/styles/ibc_1k/public/ibc/p/siberian_blue_robin_male..jpg?itok=EdRgKhkk
larvivora_cyane_00045,larvivora cyane,ibc,https://www.hbw.com/sites/default/files/styles/ibc_1k/public/ibc/p/Luscinia_cyane_10JHRussia.jpg?itok=rof1Bpa3
larvivora_cyane_00046,larvivora cyane,ibc,https://www.hbw.com/sites/default/files/styles/ibc_1k/public/ibc/p/Luscinia_cyane_15JHRussia.jpg?itok=evl50Lsz
larvivora_cyane_00047,larvivora cyane,ibc,https://www.hbw.com/sites/default/files/styles/ibc_1k/public/ibc/p/Luscinia_cyane_2.jpg?itok=_IMqrP3l
larvivora_cyane_00048,larvivora cyane,ibc,https://www.hbw.com/sites/default/files/styles/ibc_1k/public/ibc/p/Luscinia_cyane_1.jpg?itok=Wg5LHQgz
larvivora_cyane_00049,larvivora cyane,ibc,https://www.hbw.com/sites/default/files/styles/ibc_1k/public/ibc/p/PA080097.JPG?itok=8DUMPz2W
larvivora_cyane_00050,larvivora cyane,ibc,https://www.hbw.com/sites/default/files/styles/ibc_1k/public/ibc/p/SibeBlueRobin6464.jpg?itok=zTL0uv-5
larvivora_cyane_00051,larvivora cyane,ibc,https://www.hbw.com/sites/default/files/styles/ibc_1k/public/ibc/p/SibeBlueRobin6473.1.jpg?itok=Tb8R-i4E
larvivora_cyane_00052,larvivora cyane,ibc,https://www.hbw.com/sites/default/files/styles/ibc_1k/public/ibc/p/BlueRobin.jpg?itok=pGNHorih
larvivora_cyane_00053,larvivora cyane,ibc,https://www.hbw.com/sites/default/files/styles/ibc_1k/public/ibc/p/Luscinia_cyane_4jh.jpg?itok=y48EPR8x
cacatua_goffiniana_00000,cacatua goffiniana,ibc,https://www.hbw.com/sites/default/files/styles/ibc_1k/public/ibc/p/dsc09313.jpg?itok=W0NJRG95
cacatua_goffiniana_00001,cacatua goffiniana,ibc,https://www.hbw.com/sites/default/files/styles/ibc_1k/public/ibc/p/tanimbar_corella.jpg?itok=tSDs4vjd
cacatua_goffiniana_00002,cacatua goffiniana,ibc,https://www.hbw.com/sites/default/files/styles/ibc_1k/public/ibc/p/21_2_0.jpg?itok=9oLmutEQ
cacatua_goffiniana_00003,cacatua goffiniana,ibc,https://www.hbw.com/sites/default/files/styles/ibc_1k/public/ibc/p/21_1_0.jpg?itok=NPUfZgXH
cacatua_goffiniana_00004,cacatua goffiniana,ibc,https://www.hbw.com/sites/default/files/styles/ibc_1k/public/ibc/p/1_29_0.jpg?itok=88u96lbP
cacatua_goffiniana_00005,cacatua goffiniana,ibc,https://www.hbw.com/sites/default/files/styles/ibc_1k/public/ibc/p/1_18_0.jpg?itok=peF5F_iJ
cacatua_goffiniana_00006,cacatua goffiniana,ibc,https://www.hbw.com/sites/default/files/styles/ibc_1k/public/ibc/p/1_31_0.jpg?itok=kGNaIFuS
cacatua_goffiniana_00007,cacatua goffiniana,ibc,https://www.hbw.com/sites/default/files/styles/ibc_1k/public/ibc/p/1_30_0.jpg?itok=4ZDmevsA
cacatua_goffiniana_00008,cacatua goffiniana,ibc,https://www.hbw.com/sites/default/files/styles/ibc_1k/public/ibc/p/1_24_0.jpg?itok=s7TWQmqw
cacatua_goffiniana_00009,cacatua goffiniana,ibc,https://www.hbw.com/sites/default/files/styles/ibc_1k/public/ibc/p/1_19_0.jpg?itok=K1Bav-e6
cacatua_goffiniana_00010,cacatua goffiniana,ibc,https://www.hbw.com/sites/default/files/styles/ibc_1k/public/ibc/p/tanimbar_corellas_3.jpg?itok=wnLqnqJs
cacatua_goffiniana_00011,cacatua goffiniana,ibc,https://www.hbw.com/sites/default/files/styles/ibc_1k/public/ibc/p/cacatua_goffiniana_veldhoven_nop_nl_18.jpg?itok=JPNFhdFT
cacatua_goffiniana_00012,cacatua goffiniana,ibc,https://www.hbw.com/sites/default/files/styles/ibc_1k/public/ibc/p/cacatua_goffiniana_walsrode_de_3.jpg?itok=D4xJC3bb
cacatua_goffiniana_00013,cacatua goffiniana,ibc,https://www.hbw.com/sites/default/files/styles/ibc_1k/public/ibc/p/2125_tanimbar_corella_cacatua_goffiniana_singapore_20150701_1_1000.jpg?itok=kKa-zZFY
cacatua_goffiniana_00014,cacatua goffiniana,ibc,https://www.hbw.com/sites/default/files/styles/ibc_1k/public/ibc/p/2125_tanimbar_corella_cacatua_goffiniana_singapore_20150701_2_1000.jpg?itok=ouHp1mzY
cacatua_goffiniana_00015,cacatua goffiniana,ibc,https://www.hbw.com/sites/default/files/styles/ibc_1k/public/ibc/p/cockatoo_tanimbar-30.jpg?itok=HZU6sY_r
cacatua_goffiniana_00016,cacatua goffiniana,ibc,https://www.hbw.com/sites/default/files/styles/ibc_1k/public/ibc/p/psittaciformes9511.jpg?itok=smOCOH5q
cacatua_goffiniana_00017,cacatua goffiniana,ibc,https://www.hbw.com/sites/default/files/styles/ibc_1k/public/ibc/p/IMG_3536_0.JPG?itok=J8ZuYLl2
cacatua_goffiniana_00018,cacatua goffiniana,ibc,https://www.hbw.com/sites/default/files/styles/ibc_1k/public/ibc/p/Tanimbar-Cockatoo-3.jpg?itok=H8iV57nw
cacatua_goffiniana_00019,cacatua goffiniana,ibc,https://www.hbw.com/sites/default/files/styles/ibc_1k/public/ibc/p/Cacatua_goffini_3banda11_JH_copy.jpg?itok=_KrBgyK4
cacatua_goffiniana_00020,cacatua goffiniana,ibc,https://www.hbw.com/sites/default/files/styles/ibc_1k/public/ibc/p/Tanimbar_Corella.JPG?itok=Gk_iM8Ti
